web_scraper_order,web_scraper_start_url,container_links,marque_modele,annee,prix,kilometrage,type_boite_de_vitesse,region_de_vente
"1786365875-1,""https://www.gaaraas.com/fr/users/dakar-auto?page=13"",""https://www.gaaraas.com/fr/vehicle_listings/annonce-audi-s3-dakar-dakar-4137"",""Audi S3"",""2007"",""CFA 2 000 000"",""120 000 km"",""Manuelle"",""Dakar"""
"1786365878-2,""https://www.gaaraas.com/fr/users/dakar-auto?page=13"",""https://www.gaaraas.com/fr/vehicle_listings/annonce-fiat-stilo-dakar-dakar-2508"",""Fiat Stilo"",""2007"",""CFA 2 700 000"",""160 000 km"",""Manuelle"",""Dakar"""
"1786365880-3,""https://www.gaaraas.com/fr/users/dakar-auto?page=13"",""https://www.gaaraas.com/fr/vehicle_listings/annonce-toyota-rav4-dakar-dakar-2896"",""Toyota RAV4"",""2006"",""CFA 3 500 000"",""140 000 km"",""Manuelle"",""Dakar"""
"1786365883-4,""https://www.gaaraas.com/fr/users/dakar-auto?page=13"",""https://www.gaaraas.com/fr/vehicle_listings/annonce-peugeot-307-dakar-dakar-1748"",""Peugeot 307"",""2007"",""CFA 2 100 000"",""175 598 km"",""Manuelle"",""Dakar"""
"1786365886-5,""https://www.gaaraas.com/fr/users/dakar-auto?page=13"",""https://www.gaaraas.com/fr/vehicle_listings/annonce-dacia-logan-dakar-dakar-878"",""Dacia Logan"",""2008"",""CFA 2 600 000"",""137 000 km"",""Manuelle"",""Dakar"""
"1786365891-6,""https://www.gaaraas.com/fr/users/dakar-auto?page=12"",""https://www.gaaraas.com/fr/vehicle_listings/annonce-renault-megane-dakar-dakar-4348"",""Renault Megane"",""2008"",""CFA 1 850 000"",""120 000 km"",""Manuelle"",""Dakar"""
"1786365894-7,""https://www.gaaraas.com/fr/users/dakar-auto?page=12"",""https://www.gaaraas.com/fr/vehicle_listings/annonce-citroen-c4-dakar-dakar-2611"",""Citroen C4"",""2008"",""CFA 2 100 000"",""90 925 km"",""Manuelle"",""Dakar"""
"1786365896-8,""https://www.gaaraas.com/fr/users/dakar-auto?page=12"",""https://www.gaaraas.com/fr/vehicle_listings/annonce-peugeot-308-dakar-dakar-2758"",""Peugeot 308"",""2012"",""CFA 3 900 000"",""160 000 km"",""Manuelle"",""Dakar"""
"1786365899-9,""https://www.gaaraas.com/fr/users/dakar-auto?page=12"",""https://www.gaaraas.com/fr/vehicle_listings/annonce-citroen-xsara-dakar-dakar-3025"",""Citroen Xsara"",""2006"",""CFA 1 800 000"",""160 000 km"",""Manuelle"",""Dakar"""
"1786365901-10,""https://www.gaaraas.com/fr/users/dakar-auto?page=12"",""https://www.gaaraas.com/fr/vehicle_listings/annonce-ford-escape-dakar-dakar-871"",""Ford Escape"",""2014"",""CFA 8 200 000"",""105 000 km"",""Manuelle"",""Dakar"""
"1786365904-11,""https://www.gaaraas.com/fr/users/dakar-auto?page=12"",""https://www.gaaraas.com/fr/vehicle_listings/annonce-ford-focus-st-dakar-dakar-2887"",""Ford Focus ST"",""2012"",""CFA 3 300 000"",""140 000 km"",""Automatique"",""Dakar"""
"1786365906-12,""https://www.gaaraas.com/fr/users/dakar-auto?page=12"",""https://www.gaaraas.com/fr/vehicle_listings/annonce-renault-megane-dakar-dakar-1665"",""Renault Megane"",""2007"",""CFA 2 700 000"",""180 000 km"",""Manuelle"",""Dakar"""
"1786365910-13,""https://www.gaaraas.com/fr/users/dakar-auto?page=12"",""https://www.gaaraas.com/fr/vehicle_listings/annonce-peugeot-305-dakar-dakar-578"",""Peugeot 305"",""2004"",""CFA 1 600 000"",""128 000 km"",""Manuelle"",""Dakar"""
"1786365913-14,""https://www.gaaraas.com/fr/users/dakar-auto?page=12"",""https://www.gaaraas.com/fr/vehicle_listings/annonce-citroen-berlingo-dakar-dakar-1327"",""Citroen Berlingo"",""2006"",""CFA 2 400 000"",""180 000 km"",""Manuelle"",""Dakar"""
"1786365915-15,""https://www.gaaraas.com/fr/users/dakar-auto?page=12"",""https://www.gaaraas.com/fr/vehicle_listings/annonce-mitsubishi-l200-dakar-dakar-4388"",""Mitsubishi L200"",""2011"",""CFA 6 000 000"",""120 000 km"",""Manuelle"",""Dakar"""
"1786365917-16,""https://www.gaaraas.com/fr/users/dakar-auto?page=12"",""https://www.gaaraas.com/fr/vehicle_listings/annonce-nissan-200sx-dakar-dakar-746"",""Nissan 200SX"",""2006"",""CFA 1 600 000"",""180 000 km"",""Manuelle"",""Dakar"""
"1786365921-17,""https://www.gaaraas.com/fr/users/dakar-auto?page=12"",""https://www.gaaraas.com/fr/vehicle_listings/annonce-peugeot-308-dakar-dakar-3635"",""Peugeot 308"",""2010"",""CFA 2 900 000"",""120 000 km"",""Manuelle"",""Dakar"""
"1786365923-18,""https://www.gaaraas.com/fr/users/dakar-auto?page=12"",""https://www.gaaraas.com/fr/vehicle_listings/annonce-peugeot-405-dakar-dakar-4173"",""Peugeot 405"",""2005"",""CFA 1 900 000"",""120 000 km"",""Manuelle"",""Dakar"""
"1786365926-19,""https://www.gaaraas.com/fr/users/dakar-auto?page=12"",""https://www.gaaraas.com/fr/vehicle_listings/annonce-peugeot-308-dakar-dakar-681"",""Peugeot 308"",""2008"",""CFA 2 700 000"",""160 000 km"",""Manuelle"",""Dakar"""
"1786365928-20,""https://www.gaaraas.com/fr/users/dakar-auto?page=12"",""https://www.gaaraas.com/fr/vehicle_listings/annonce-toyota-rav4-dakar-dakar-191"",""Toyota RAV4"",""2010"",""CFA 9 600 000"",""180 000 km"",""Automatique"",""Dakar"""
"1786365931-21,""https://www.gaaraas.com/fr/users/dakar-auto?page=12"",""https://www.gaaraas.com/fr/vehicle_listings/annonce-renault-19-dakar-dakar-3449"",""Renault 19"",""1989"",""CFA 1 500 000"",""140 000 km"",""Manuelle"",""Dakar"""
"1786365935-22,""https://www.gaaraas.com/fr/users/dakar-auto?page=12"",""https://www.gaaraas.com/fr/vehicle_listings/annonce-peugeot-406-dakar-dakar-1119"",""Peugeot 406"",""2004"",""CFA 2 700 000"",""120 000 km"",""Manuelle"",""Dakar"""
"1786365938-23,""https://www.gaaraas.com/fr/users/dakar-auto?page=12"",""https://www.gaaraas.com/fr/vehicle_listings/annonce-jeep-wrangler-dakar-dakar-2454"",""Jeep Wrangler"",""2013"",""CFA 20 000 000"",""100 000 km"",""Automatique"",""Dakar"""
"1786365942-24,""https://www.gaaraas.com/fr/users/dakar-auto?page=12"",""https://www.gaaraas.com/fr/vehicle_listings/annonce-peugeot-307-dakar-dakar-2915"",""Peugeot 307"",""2005"",""CFA 2 100 000"",""160 000 km"",""Manuelle"",""Dakar"""
"1786365944-25,""https://www.gaaraas.com/fr/users/dakar-auto?page=12"",""https://www.gaaraas.com/fr/vehicle_listings/annonce-peugeot-205-dakar-dakar-1934"",""Peugeot 205"",""2000"",""CFA 1 400 000"",""160 000 km"",""Manuelle"",""Dakar"""
"1786365950-26,""https://www.gaaraas.com/fr/users/dakar-auto?page=11"",""https://www.gaaraas.com/fr/vehicle_listings/annonce-citroen-c3-dakar-dakar-1666"",""Citroen C3"",""2007"",""CFA 2 400 000"",""180 000 km"",""Manuelle"",""Dakar"""
"1786365952-27,""https://www.gaaraas.com/fr/users/dakar-auto?page=11"",""https://www.gaaraas.com/fr/vehicle_listings/annonce-hyundai-tucson-dakar-dakar-874"",""Hyundai Tucson"",""2006"",""CFA 4 000 000"",""298 000 km"",""Manuelle"",""Dakar"""
"1786365955-28,""https://www.gaaraas.com/fr/users/dakar-auto?page=11"",""https://www.gaaraas.com/fr/vehicle_listings/annonce-toyota-rav4-dakar-dakar-560"",""Toyota RAV4"",""2007"",""CFA 5 200 000"",""120 000 km"",""Manuelle"",""Dakar"""
"1786365957-29,""https://www.gaaraas.com/fr/users/dakar-auto?page=11"",""https://www.gaaraas.com/fr/vehicle_listings/annonce-ford-escape-dakar-dakar-3183"",""Ford Escape"",""2011"",""CFA 5 800 000"",""0 km"",""Automatique"",""Dakar"""
"1786365960-30,""https://www.gaaraas.com/fr/users/dakar-auto?page=11"",""https://www.gaaraas.com/fr/vehicle_listings/annonce-renault-scenic-dakar-dakar-1191"",""Renault Scenic"",""2008"",""CFA 2 200 000"",""16 000 km"",""Manuelle"",""Dakar"""
"1786365963-31,""https://www.gaaraas.com/fr/users/dakar-auto?page=11"",""https://www.gaaraas.com/fr/vehicle_listings/annonce-jeep-patriot-dakar-dakar-2023"",""Jeep Patriot"",""2015"",""CFA 9 500 000"",""51 200 km"",""Automatique"",""Dakar"""
"1786365965-32,""https://www.gaaraas.com/fr/users/dakar-auto?page=11"",""https://www.gaaraas.com/fr/vehicle_listings/annonce-peugeot-406-dakar-dakar-2290"",""Peugeot 406"",""2003"",""CFA 2 400 000"",""160 000 km"",""Manuelle"",""Dakar"""
"1786365968-33,""https://www.gaaraas.com/fr/users/dakar-auto?page=11"",""https://www.gaaraas.com/fr/vehicle_listings/annonce-dacia-logan-dakar-dakar-2116"",""Dacia Logan"",""2009"",""CFA 2 800 000"",""500 000 km"",""Manuelle"",""Dakar"""
"1786365971-34,""https://www.gaaraas.com/fr/users/dakar-auto?page=11"",""https://www.gaaraas.com/fr/vehicle_listings/annonce-lada-niva-dakar-dakar-1919"",""Lada Niva"",""2008"",""CFA 1 500 000"",""160 000 km"",""Manuelle"",""Dakar"""
"1786365973-35,""https://www.gaaraas.com/fr/users/dakar-auto?page=11"",""https://www.gaaraas.com/fr/vehicle_listings/annonce-dacia-sandero-dakar-dakar-2117"",""Dacia Sandero"",""2010"",""CFA 2 200 000"",""160 000 km"",""Manuelle"",""Dakar"""
"1786365976-36,""https://www.gaaraas.com/fr/users/dakar-auto?page=11"",""https://www.gaaraas.com/fr/vehicle_listings/annonce-nissan-teana-dakar-dakar-422"",""Nissan Teana"",""2011"",""CFA 8 000 000"",""90 000 km"",""Manuelle"",""Dakar"""
"1786365978-37,""https://www.gaaraas.com/fr/users/dakar-auto?page=11"",""https://www.gaaraas.com/fr/vehicle_listings/annonce-renault-scenic-dakar-dakar-3478"",""Renault Scenic"",""2006"",""CFA 2 200 000"",""140 000 km"",""Manuelle"",""Dakar"""
"1786365981-38,""https://www.gaaraas.com/fr/users/dakar-auto?page=11"",""https://www.gaaraas.com/fr/vehicle_listings/annonce-peugeot-307-dakar-dakar-4161"",""Peugeot 307"",""2008"",""CFA 2 000 000"",""120 000 km"",""Manuelle"",""Dakar"""
"1786365983-39,""https://www.gaaraas.com/fr/users/dakar-auto?page=11"",""https://www.gaaraas.com/fr/vehicle_listings/annonce-toyota-rav4-dakar-dakar-4389"",""Toyota RAV4"",""2007"",""CFA 4 000 000"",""145 000 km"",""Manuelle"",""Dakar"""
"1786365986-40,""https://www.gaaraas.com/fr/users/dakar-auto?page=11"",""https://www.gaaraas.com/fr/vehicle_listings/annonce-peugeot-205-dakar-dakar-2262"",""Peugeot 205"",""2000"",""CFA 1 500 000"",""160 000 km"",""Manuelle"",""Dakar"""
"1786365988-41,""https://www.gaaraas.com/fr/users/dakar-auto?page=11"",""https://www.gaaraas.com/fr/vehicle_listings/annonce-peugeot-407-dakar-dakar-4171"",""Peugeot 407"",""2007"",""CFA 2 000 000"",""110 000 km"",""Manuelle"",""Dakar"""
"1786365991-42,""https://www.gaaraas.com/fr/users/dakar-auto?page=11"",""https://www.gaaraas.com/fr/vehicle_listings/annonce-peugeot-807-dakar-dakar-1587"",""Peugeot 807"",""2010"",""CFA 4 800 000"",""160 000 km"",""Manuelle"",""Dakar"""
"1786365993-43,""https://www.gaaraas.com/fr/users/dakar-auto?page=11"",""https://www.gaaraas.com/fr/vehicle_listings/annonce-ford-focus-dakar-dakar-3739"",""Ford Focus"",""2015"",""CFA 5 800 000"",""29 000 km"",""Automatique"",""Dakar"""
"1786365996-44,""https://www.gaaraas.com/fr/users/dakar-auto?page=11"",""https://www.gaaraas.com/fr/vehicle_listings/annonce-hyundai-santa-fe-dakar-dakar-2646"",""Hyundai Santa Fe"",""2005"",""CFA 3 500 000"",""300 000 km"",""Manuelle"",""Dakar"""
"1786365998-45,""https://www.gaaraas.com/fr/users/dakar-auto?page=11"",""https://www.gaaraas.com/fr/vehicle_listings/annonce-nissan-rogue-dakar-dakar-790"",""Nissan Rogue"",""2010"",""CFA 8 500 000"",""84 500 km"",""Automatique"",""Dakar"""
"1786366004-46,""https://www.gaaraas.com/fr/users/dakar-auto?page=10"",""https://www.gaaraas.com/fr/vehicle_listings/annonce-mercedes-benz-190-dakar-dakar-3060"",""Mercedes‒Benz 190"",""2007"",""CFA 2 900 000"",""160 000 km"",""Automatique"",""Dakar"""
"1786366007-47,""https://www.gaaraas.com/fr/users/dakar-auto?page=10"",""https://www.gaaraas.com/fr/vehicle_listings/annonce-toyota-corolla-dakar-dakar-464"",""Toyota Corolla"",""2010"",""CFA 3 200 000"",""90 000 km"",""Manuelle"",""Dakar"""
"1786366010-48,""https://www.gaaraas.com/fr/users/dakar-auto?page=10"",""https://www.gaaraas.com/fr/vehicle_listings/annonce-ford-focus-dakar-dakar-4417"",""Ford Focus"",""2007"",""CFA 2 700 000"",""100 000 km"",""Automatique"",""Dakar"""
"1786366012-49,""https://www.gaaraas.com/fr/users/dakar-auto?page=10"",""https://www.gaaraas.com/fr/vehicle_listings/annonce-nissan-juke-dakar-dakar-760"",""Nissan Juke"",""2011"",""CFA 5 500 000"",""157 000 km"",""Manuelle"",""Dakar"""
"1786366015-50,""https://www.gaaraas.com/fr/users/dakar-auto?page=10"",""https://www.gaaraas.com/fr/vehicle_listings/annonce-toyota-yaris-dakar-dakar-1662"",""Toyota Yaris"",""2007"",""CFA 2 700 000"",""180 000 km"",""Manuelle"",""Dakar"""
"1786366017-51,""https://www.gaaraas.com/fr/users/dakar-auto?page=10"",""https://www.gaaraas.com/fr/vehicle_listings/annonce-peugeot-308-dakar-dakar-2701"",""Peugeot 308"",""2008"",""CFA 2 800 000"",""160 000 km"",""Manuelle"",""Dakar"""
"1786366021-52,""https://www.gaaraas.com/fr/users/dakar-auto?page=10"",""https://www.gaaraas.com/fr/vehicle_listings/annonce-citroen-c4-dakar-dakar-2082"",""Citroen C4"",""2007"",""CFA 2 200 000"",""160 000 km"",""Manuelle"",""Dakar"""
"1786366023-53,""https://www.gaaraas.com/fr/users/dakar-auto?page=10"",""https://www.gaaraas.com/fr/vehicle_listings/annonce-peugeot-508-dakar-dakar-1535"",""Peugeot 508"",""2012"",""CFA 4 700 000"",""102 220 km"",""Manuelle"",""Dakar"""
"1786366026-54,""https://www.gaaraas.com/fr/users/dakar-auto?page=10"",""https://www.gaaraas.com/fr/vehicle_listings/annonce-renault-megane-dakar-dakar-1237"",""Renault Megane"",""2009"",""CFA 3 300 000"",""233 200 km"",""Manuelle"",""Dakar"""
"1786366028-55,""https://www.gaaraas.com/fr/users/dakar-auto?page=10"",""https://www.gaaraas.com/fr/vehicle_listings/annonce-renault-clio-dakar-dakar-4178"",""Renault Clio"",""2007"",""CFA 1 750 000"",""120 000 km"",""Manuelle"",""Dakar"""
"1786366031-56,""https://www.gaaraas.com/fr/users/dakar-auto?page=10"",""https://www.gaaraas.com/fr/vehicle_listings/annonce-chery-a113-dakar-dakar-510"",""Chery A113"",""2008"",""CFA 1 700 000"",""79 000 km"",""Manuelle"",""Dakar"""
"1786366033-57,""https://www.gaaraas.com/fr/users/dakar-auto?page=10"",""https://www.gaaraas.com/fr/vehicle_listings/annonce-renault-scenic-dakar-dakar-4195"",""Renault Scenic"",""2008"",""CFA 2 000 000"",""130 000 km"",""Manuelle"",""Dakar"""
"1786366036-58,""https://www.gaaraas.com/fr/users/dakar-auto?page=10"",""https://www.gaaraas.com/fr/vehicle_listings/annonce-renault-safrane-dakar-dakar-2118"",""Renault Safrane"",""2007"",""CFA 2 200 000"",""160 000 km"",""Manuelle"",""Dakar"""
"1786366038-59,""https://www.gaaraas.com/fr/users/dakar-auto?page=10"",""https://www.gaaraas.com/fr/vehicle_listings/annonce-toyota-verso-dakar-dakar-3569"",""Toyota Verso"",""2007"",""CFA 2 500 000"",""313 000 km"",""Manuelle"",""Dakar"""
"1786366041-60,""https://www.gaaraas.com/fr/users/dakar-auto?page=10"",""https://www.gaaraas.com/fr/vehicle_listings/annonce-toyota-avensis-dakar-dakar-2882"",""Toyota Avensis"",""2006"",""CFA 1 600 000"",""186 000 km"",""Manuelle"",""Dakar"""
"1786366044-61,""https://www.gaaraas.com/fr/users/dakar-auto?page=10"",""https://www.gaaraas.com/fr/vehicle_listings/annonce-renault-21-dakar-dakar-2800"",""Renault 21"",""2002"",""CFA 2 200 000"",""160 000 km"",""Manuelle"",""Dakar"""
"1786366046-62,""https://www.gaaraas.com/fr/users/dakar-auto?page=10"",""https://www.gaaraas.com/fr/vehicle_listings/annonce-volkswagen-golf-dakar-dakar-1792"",""Volkswagen Golf"",""2005"",""CFA 2 200 000"",""180 000 km"",""Manuelle"",""Dakar"""
"1786366051-63,""https://www.gaaraas.com/fr/users/dakar-auto?page=10"",""https://www.gaaraas.com/fr/vehicle_listings/annonce-toyota-corolla-dakar-dakar-2445"",""Toyota Corolla"",""2007"",""CFA 4 300 000"",""235 000 km"",""Manuelle"",""Dakar"""
"1786366053-64,""https://www.gaaraas.com/fr/users/dakar-auto?page=10"",""https://www.gaaraas.com/fr/vehicle_listings/annonce-toyota-avensis-dakar-dakar-1664"",""Toyota Avensis"",""2008"",""CFA 2 500 000"",""160 000 km"",""Manuelle"",""Dakar"""
"1786366056-65,""https://www.gaaraas.com/fr/users/dakar-auto?page=10"",""https://www.gaaraas.com/fr/vehicle_listings/annonce-peugeot-308-dakar-dakar-4138"",""Peugeot 308"",""2009"",""CFA 2 600 000"",""120 000 km"",""Manuelle"",""Dakar"""
"1786366062-66,""https://www.gaaraas.com/fr/users/dakar-auto?page=9"",""https://www.gaaraas.com/fr/vehicle_listings/annonce-toyota-corolla-dakar-dakar-887"",""Toyota Corolla"",""2010"",""CFA 3 500 000"",""88 997 km"",""Manuelle"",""Dakar"""
"1786366065-67,""https://www.gaaraas.com/fr/users/dakar-auto?page=9"",""https://www.gaaraas.com/fr/vehicle_listings/annonce-hyundai-sonata-louga-dahra-4357"",""Hyundai Sonata"",""2013"",""CFA 5 200 000"",""92 000 km"",""Automatique"",""Dahra"""
"1786366067-68,""https://www.gaaraas.com/fr/users/dakar-auto?page=9"",""https://www.gaaraas.com/fr/vehicle_listings/annonce-skoda-octavia-dakar-dakar-1667"",""Skoda Octavia"",""2010"",""CFA 2 600 000"",""160 000 km"",""Manuelle"",""Dakar"""
"1786366070-69,""https://www.gaaraas.com/fr/users/dakar-auto?page=9"",""https://www.gaaraas.com/fr/vehicle_listings/annonce-toyota-camry-dakar-dakar-1105"",""Toyota Camry"",""2010"",""CFA 4 500 000"",""110 000 km"",""Automatique"",""Dakar"""
"1786366073-70,""https://www.gaaraas.com/fr/users/dakar-auto?page=9"",""https://www.gaaraas.com/fr/vehicle_listings/annonce-chrysler-sebring-dakar-dakar-4135"",""Chrysler Sebring"",""2009"",""CFA 2 000 000"",""99 000 km"",""Automatique"",""Dakar"""
"1786366075-71,""https://www.gaaraas.com/fr/users/dakar-auto?page=9"",""https://www.gaaraas.com/fr/vehicle_listings/annonce-mercedes-benz-190-dakar-dakar-2109"",""Mercedes‒Benz 190"",""1989"",""CFA 1 900 000"",""160 000 km"",""Manuelle"",""Dakar"""
"1786366078-72,""https://www.gaaraas.com/fr/users/dakar-auto?page=9"",""https://www.gaaraas.com/fr/vehicle_listings/annonce-hyundai-tucson-dakar-dakar-548"",""Hyundai Tucson"",""2010"",""CFA 4 200 000"",""79 044 km"",""Manuelle"",""Dakar"""
"1786366081-73,""https://www.gaaraas.com/fr/users/dakar-auto?page=9"",""https://www.gaaraas.com/fr/vehicle_listings/annonce-peugeot-406-dakar-dakar-1707"",""Peugeot 406"",""2006"",""CFA 2 500 000"",""160 000 km"",""Manuelle"",""Dakar"""
"1786366084-74,""https://www.gaaraas.com/fr/users/dakar-auto?page=9"",""https://www.gaaraas.com/fr/vehicle_listings/annonce-hyundai-sonata-dakar-dakar-3570"",""Hyundai Sonata"",""2006"",""CFA 2 000 000"",""140 000 km"",""Automatique"",""Dakar"""
"1786366086-75,""https://www.gaaraas.com/fr/users/dakar-auto?page=9"",""https://www.gaaraas.com/fr/vehicle_listings/annonce-peugeot-307-dakar-dakar-1931"",""Peugeot 307"",""2007"",""CFA 2 200 000"",""160 000 km"",""Manuelle"",""Dakar"""
"1786366089-76,""https://www.gaaraas.com/fr/users/dakar-auto?page=9"",""https://www.gaaraas.com/fr/vehicle_listings/annonce-mazda-2-dakar-dakar-2780"",""Mazda 2"",""2008"",""CFA 1 100 000"",""140 000 km"",""Manuelle"",""Dakar"""
"1786366091-77,""https://www.gaaraas.com/fr/users/dakar-auto?page=9"",""https://www.gaaraas.com/fr/vehicle_listings/annonce-renault-17-dakar-dakar-2505"",""Renault 17"",""2000"",""CFA 6 000 000"",""160 000 km"",""Manuelle"",""Dakar"""
"1786366094-78,""https://www.gaaraas.com/fr/users/dakar-auto?page=9"",""https://www.gaaraas.com/fr/vehicle_listings/annonce-opel-astra-dakar-dakar-2069"",""Opel Astra"",""2009"",""CFA 1 500 000"",""160 000 km"",""Manuelle"",""Dakar"""
"1786366096-79,""https://www.gaaraas.com/fr/users/dakar-auto?page=9"",""https://www.gaaraas.com/fr/vehicle_listings/annonce-citroen-c4-dakar-dakar-2303"",""Citroen C4"",""2010"",""CFA 2 200 000"",""289 983 km"",""Manuelle"",""Dakar"""
"1786366099-80,""https://www.gaaraas.com/fr/users/dakar-auto?page=9"",""https://www.gaaraas.com/fr/vehicle_listings/annonce-citroen-c3-dakar-dakar-1893"",""Citroen C3"",""2008"",""CFA 2 000 000"",""200 000 km"",""Manuelle"",""Dakar"""
"1786366102-81,""https://www.gaaraas.com/fr/users/dakar-auto?page=9"",""https://www.gaaraas.com/fr/vehicle_listings/annonce-peugeot-307-dakar-dakar-1148"",""Peugeot 307"",""2008"",""CFA 2 200 000"",""160 000 km"",""Manuelle"",""Dakar"""
"1786366105-82,""https://www.gaaraas.com/fr/users/dakar-auto?page=9"",""https://www.gaaraas.com/fr/vehicle_listings/annonce-peugeot-3008-dakar-dakar-1121"",""Peugeot 3008"",""Bleu"",""CFA 6 500 000"",""2011"",""Manuelle"",""Dakar"""
"1786366107-83,""https://www.gaaraas.com/fr/users/dakar-auto?page=9"",""https://www.gaaraas.com/fr/vehicle_listings/annonce-renault-laguna-dakar-dakar-1325"",""Renault Laguna"",""2007"",""CFA 1 400 000"",""180 000 km"",""Manuelle"",""Dakar"""
"1786366112-84,""https://www.gaaraas.com/fr/users/dakar-auto?page=9"",""https://www.gaaraas.com/fr/vehicle_listings/annonce-dacia-logan-dakar-dakar-1602"",""Dacia Logan"",""2008"",""CFA 3 000 000"",""160 000 km"",""Manuelle"",""Dakar"""
"1786366114-85,""https://www.gaaraas.com/fr/users/dakar-auto?page=9"",""https://www.gaaraas.com/fr/vehicle_listings/annonce-renault-clio-dakar-dakar-653"",""Renault Clio"",""2010"",""CFA 2 700 000"",""120 000 km"",""Manuelle"",""Dakar"""
"1786366120-86,""https://www.gaaraas.com/fr/users/dakar-auto?page=8"",""https://www.gaaraas.com/fr/vehicle_listings/annonce-hyundai-accent-dakar-dakar-890"",""Hyundai Accent"",""Bleu"",""CFA 1 700 000"",""2007"",""Manuelle"",""Dakar"""
"1786366123-87,""https://www.gaaraas.com/fr/users/dakar-auto?page=8"",""https://www.gaaraas.com/fr/vehicle_listings/annonce-renault-kangoo-dakar-dakar-1871"",""Renault Kangoo"",""2012"",""CFA 4 500 000"",""264 127 km"",""Manuelle"",""Dakar"""
"1786366126-88,""https://www.gaaraas.com/fr/users/dakar-auto?page=8"",""https://www.gaaraas.com/fr/vehicle_listings/annonce-mercedes-benz-190-dakar-dakar-2436"",""Mercedes‒Benz 190"",""2000"",""CFA 2 400 000"",""160 000 km"",""Manuelle"",""Dakar"""
"1786366129-89,""https://www.gaaraas.com/fr/users/dakar-auto?page=8"",""https://www.gaaraas.com/fr/vehicle_listings/annonce-peugeot-407-dakar-dakar-1580"",""Peugeot 407"",""2007"",""CFA 2 600 000"",""180 000 km"",""Manuelle"",""Dakar"""
"1786366132-90,""https://www.gaaraas.com/fr/users/dakar-auto?page=8"",""https://www.gaaraas.com/fr/vehicle_listings/annonce-renault-megane-dakar-dakar-2201"",""Renault Megane"",""2006"",""CFA 1 800 000"",""160 000 km"",""Manuelle"",""Dakar"""
"1786366135-91,""https://www.gaaraas.com/fr/users/dakar-auto?page=8"",""https://www.gaaraas.com/fr/vehicle_listings/annonce-renault-scenic-dakar-dakar-1795"",""Renault Scenic"",""2005"",""CFA 1 500 000"",""180 000 km"",""Manuelle"",""Dakar"""
"1786366139-92,""https://www.gaaraas.com/fr/users/dakar-auto?page=8"",""https://www.gaaraas.com/fr/vehicle_listings/annonce-nissan-versa-dakar-dakar-2119"",""Nissan Versa"",""2010"",""CFA 2 500 000"",""120 000 km"",""Automatique"",""Dakar"""
"1786366142-93,""https://www.gaaraas.com/fr/users/dakar-auto?page=8"",""https://www.gaaraas.com/fr/vehicle_listings/annonce-peugeot-407-dakar-dakar-2304"",""Peugeot 407"",""2006"",""CFA 2 300 000"",""291 000 km"",""Manuelle"",""Dakar"""
"1786366146-94,""https://www.gaaraas.com/fr/users/dakar-auto?page=8"",""https://www.gaaraas.com/fr/vehicle_listings/annonce-citroen-nemo-dakar-dakar-1980"",""Citroen Nemo"",""2009"",""CFA 2 400 000"",""160 000 km"",""Manuelle"",""Dakar"""
"1786366175-95,""https://www.gaaraas.com/fr/users/dakar-auto?page=8"",""https://www.gaaraas.com/fr/vehicle_listings/annonce-renault-scenic-dakar-dakar-2518"",""Renault Scenic"",""2007"",""CFA 1 950 000"",""160 000 km"",""Manuelle"",""Dakar"""
"1786366178-96,""https://www.gaaraas.com/fr/users/dakar-auto?page=8"",""https://www.gaaraas.com/fr/vehicle_listings/annonce-citroen-c3-dakar-dakar-2218"",""Citroen C3"",""2006"",""CFA 1 900 000"",""160 000 km"",""Manuelle"",""Dakar"""
"1786366181-97,""https://www.gaaraas.com/fr/users/dakar-auto?page=8"",""https://www.gaaraas.com/fr/vehicle_listings/annonce-peugeot-508-dakar-dakar-2155"",""Peugeot 508"",""2011"",""CFA 5 500 000"",""179 000 km"",""Automatique"",""Dakar"""
"1786366187-98,""https://www.gaaraas.com/fr/users/dakar-auto?page=8"",""https://www.gaaraas.com/fr/vehicle_listings/annonce-mitsubishi-endeavor-dakar-dakar-2497"",""Mitsubishi Endeavor"",""2012"",""CFA 4 300 000"",""100 000 km"",""Automatique"",""Dakar"""
"1786366193-99,""https://www.gaaraas.com/fr/users/dakar-auto?page=8"",""https://www.gaaraas.com/fr/vehicle_listings/annonce-hyundai-elantra-dakar-dakar-2468"",""Hyundai Elantra"",""2013"",""CFA 5 800 000"",""21 000 km"",""Automatique"",""Dakar"""
"1786366198-100,""https://www.gaaraas.com/fr/users/dakar-auto?page=8"",""https://www.gaaraas.com/fr/vehicle_listings/annonce-peugeot-307-dakar-dakar-413"",""Peugeot 307"",""2007"",""CFA 2 100 000"",""90 000 km"",""Manuelle"",""Dakar"""
"1786366203-101,""https://www.gaaraas.com/fr/users/dakar-auto?page=8"",""https://www.gaaraas.com/fr/vehicle_listings/annonce-ford-escape-dakar-dakar-4196"",""Ford Escape"",""2011"",""CFA 4 300 000"",""130 000 km"",""Automatique"",""Dakar"""
"1786366208-102,""https://www.gaaraas.com/fr/users/dakar-auto?page=8"",""https://www.gaaraas.com/fr/vehicle_listings/annonce-nissan-qashqai-2-dakar-dakar-2761"",""Nissan Qashqai+2"",""2013"",""CFA 6 500 000"",""101 000 km"",""Manuelle"",""Dakar"""
"1786366214-103,""https://www.gaaraas.com/fr/users/dakar-auto?page=8"",""https://www.gaaraas.com/fr/vehicle_listings/annonce-mercedes-benz-250-dakar-dakar-2640"",""Mercedes‒Benz 250"",""2004"",""CFA 1 900 000"",""160 000 km"",""Manuelle"",""Dakar"""
"1786366220-104,""https://www.gaaraas.com/fr/users/dakar-auto?page=8"",""https://www.gaaraas.com/fr/vehicle_listings/annonce-renault-laguna-dakar-dakar-813"",""Renault Laguna"",""2004"",""CFA 2 000 000"",""160 000 km"",""Manuelle"",""Dakar"""
"1786366230-105,""https://www.gaaraas.com/fr/users/dakar-auto?page=8"",""https://www.gaaraas.com/fr/vehicle_listings/annonce-peugeot-206-dakar-dakar-3566"",""Peugeot 206"",""2009"",""CFA 2 000 000"",""130 000 km"",""Manuelle"",""Dakar"""
"1786366245-106,""https://www.gaaraas.com/fr/users/dakar-auto?page=7"",""https://www.gaaraas.com/fr/vehicle_listings/annonce-peugeot-307-dakar-dakar-838"",""Peugeot 307"",""2007"",""CFA 2 300 000"",""137 000 km"",""Manuelle"",""Dakar"""
"1786366250-107,""https://www.gaaraas.com/fr/users/dakar-auto?page=7"",""https://www.gaaraas.com/fr/vehicle_listings/annonce-peugeot-207-dakar-dakar-851"",""Peugeot 207"",""2010"",""CFA 3 200 000"",""144 410 km"",""Manuelle"",""Dakar"""
"1786366257-108,""https://www.gaaraas.com/fr/users/dakar-auto?page=7"",""https://www.gaaraas.com/fr/vehicle_listings/annonce-citroen-berlingo-dakar-dakar-2295"",""Citroen Berlingo"",""2008"",""CFA 2 300 000"",""160 000 km"",""Manuelle"",""Dakar"""
"1786366261-109,""https://www.gaaraas.com/fr/users/dakar-auto?page=7"",""https://www.gaaraas.com/fr/vehicle_listings/annonce-citroen-berlingo-dakar-dakar-4134"",""Citroen Berlingo"",""2007"",""CFA 2 000 000"",""140 000 km"",""Manuelle"",""Dakar"""
"1786366267-110,""https://www.gaaraas.com/fr/users/dakar-auto?page=7"",""https://www.gaaraas.com/fr/vehicle_listings/annonce-skoda-octavia-dakar-dakar-2298"",""Skoda Octavia"",""2012"",""CFA 3 500 000"",""147 000 km"",""Manuelle"",""Dakar"""
"1786366274-111,""https://www.gaaraas.com/fr/users/dakar-auto?page=7"",""https://www.gaaraas.com/fr/vehicle_listings/annonce-citroen-c4-dakar-dakar-2040"",""Citroen C4"",""2007"",""CFA 2 100 000"",""160 000 km"",""Manuelle"",""Dakar"""
"1786366280-112,""https://www.gaaraas.com/fr/users/dakar-auto?page=7"",""https://www.gaaraas.com/fr/vehicle_listings/annonce-renault-19-dakar-dakar-2726"",""Renault 19"",""2002"",""CFA 2 100 000"",""160 000 km"",""Manuelle"",""Dakar"""
"1786366287-113,""https://www.gaaraas.com/fr/users/dakar-auto?page=7"",""https://www.gaaraas.com/fr/vehicle_listings/annonce-ford-edge-dakar-dakar-3222"",""Ford Edge"",""2011"",""CFA 10 000 000"",""105 000 km"",""Automatique"",""Dakar"""
"1786366295-114,""https://www.gaaraas.com/fr/users/dakar-auto?page=7"",""https://www.gaaraas.com/fr/vehicle_listings/annonce-nissan-rogue-dakar-dakar-2440"",""Nissan Rogue"",""2009"",""CFA 5 500 000"",""160 000 km"",""Automatique"",""Dakar"""
"1786366302-115,""https://www.gaaraas.com/fr/users/dakar-auto?page=7"",""https://www.gaaraas.com/fr/vehicle_listings/annonce-renault-laguna-dakar-dakar-1704"",""Renault Laguna"",""2007"",""CFA 2 000 000"",""160 000 km"",""Manuelle"",""Dakar"""
"1786366310-116,""https://www.gaaraas.com/fr/users/dakar-auto?page=7"",""https://www.gaaraas.com/fr/vehicle_listings/annonce-ford-fusion-dakar-dakar-4194"",""Ford Fusion"",""2009"",""CFA 2 000 000"",""144 000 km"",""Automatique"",""Dakar"""
"1786366318-117,""https://www.gaaraas.com/fr/users/dakar-auto?page=7"",""https://www.gaaraas.com/fr/vehicle_listings/annonce-citroen-c3-dakar-dakar-845"",""Citroen C3"",""2007"",""CFA 2 000 000"",""180 000 km"",""Manuelle"",""Dakar"""
"1786366325-118,""https://www.gaaraas.com/fr/users/dakar-auto?page=7"",""https://www.gaaraas.com/fr/vehicle_listings/annonce-renault-19-dakar-dakar-2615"",""Renault 19"",""2000"",""CFA 2 000 000"",""160 000 km"",""Manuelle"",""Dakar"""
"1786366332-119,""https://www.gaaraas.com/fr/users/dakar-auto?page=7"",""https://www.gaaraas.com/fr/vehicle_listings/annonce-citroen-c3-dakar-dakar-1874"",""Citroen C3"",""2006"",""CFA 1 500 000"",""160 000 km"",""Manuelle"",""Dakar"""
"1786366339-120,""https://www.gaaraas.com/fr/users/dakar-auto?page=7"",""https://www.gaaraas.com/fr/vehicle_listings/annonce-dacia-sandero-dakar-dakar-885"",""Dacia Sandero"",""2009"",""CFA 2 800 000"",""140 000 km"",""Manuelle"",""Dakar"""
"1786366349-121,""https://www.gaaraas.com/fr/users/dakar-auto?page=7"",""https://www.gaaraas.com/fr/vehicle_listings/annonce-toyota-corolla-dakar-dakar-2190"",""Toyota Corolla"",""2004"",""CFA 2 700 000"",""28 752 km"",""Manuelle"",""Dakar"""
"1786366356-122,""https://www.gaaraas.com/fr/users/dakar-auto?page=7"",""https://www.gaaraas.com/fr/vehicle_listings/annonce-renault-scenic-dakar-dakar-1590"",""Renault Scenic"",""2006"",""CFA 2 300 000"",""200 000 km"",""Manuelle"",""Dakar"""
"1786366362-123,""https://www.gaaraas.com/fr/users/dakar-auto?page=7"",""https://www.gaaraas.com/fr/vehicle_listings/annonce-chevrolet-sail-dakar-dakar-2068"",""Chevrolet Sail"",""2013"",""CFA 2 200 000"",""90 000 km"",""Manuelle"",""Dakar"""
"1786366369-124,""https://www.gaaraas.com/fr/users/dakar-auto?page=7"",""https://www.gaaraas.com/fr/vehicle_listings/annonce-citroen-c3-dakar-dakar-4199"",""Citroen C3"",""2011"",""CFA 2 800 000"",""136 000 km"",""Manuelle"",""Dakar"""
"1786366378-125,""https://www.gaaraas.com/fr/users/dakar-auto?page=7"",""https://www.gaaraas.com/fr/vehicle_listings/annonce-peugeot-307-dakar-dakar-734"",""Peugeot 307"",""2008"",""CFA 3 200 000"",""128 000 km"",""Manuelle"",""Dakar"""
"1786366394-126,""https://www.gaaraas.com/fr/users/dakar-auto?page=6"",""https://www.gaaraas.com/fr/vehicle_listings/annonce-land-rover-range-rover-sport-dakar-dakar-2439"",""Land Rover Range Rover Sport"",""2009"","""",""160 000 km"",""Automatique"",""Dakar"""
"1786366401-127,""https://www.gaaraas.com/fr/users/dakar-auto?page=6"",""https://www.gaaraas.com/fr/vehicle_listings/annonce-kia-carnival-dakar-dakar-2623"",""Kia Carnival"",""2008"",""CFA 2 500 000"",""160 000 km"",""Manuelle"",""Dakar"""
"1786366409-128,""https://www.gaaraas.com/fr/users/dakar-auto?page=6"",""https://www.gaaraas.com/fr/vehicle_listings/annonce-peugeot-308-dakar-dakar-407"",""Peugeot 308"",""2008"",""CFA 2 500 000"",""140 000 km"",""Manuelle"",""Dakar"""
"1786366417-129,""https://www.gaaraas.com/fr/users/dakar-auto?page=6"",""https://www.gaaraas.com/fr/vehicle_listings/annonce-ford-edge-dakar-dakar-899"",""Ford Edge"",""2008"",""CFA 7 000 000"",""125 000 km"",""Automatique"",""Dakar"""
"1786366427-130,""https://www.gaaraas.com/fr/users/dakar-auto?page=6"",""https://www.gaaraas.com/fr/vehicle_listings/annonce-ford-escape-dakar-dakar-3415"",""Ford Escape"",""2006"",""CFA 4 500 000"",""120 000 km"",""Automatique"",""Dakar"""
"1786366432-131,""https://www.gaaraas.com/fr/users/dakar-auto?page=6"",""https://www.gaaraas.com/fr/vehicle_listings/annonce-skoda-octavia-dakar-dakar-1928"",""Skoda Octavia"",""2008"",""CFA 1 900 000"",""160 000 km"",""Manuelle"",""Dakar"""
"1786366439-132,""https://www.gaaraas.com/fr/users/dakar-auto?page=6"",""https://www.gaaraas.com/fr/vehicle_listings/annonce-citroen-c5-dakar-dakar-4273"",""Citroen C5"",""2008"",""CFA 2 700 000"",""130 000 km"",""Manuelle"",""Dakar"""
"1786366445-133,""https://www.gaaraas.com/fr/users/dakar-auto?page=6"",""https://www.gaaraas.com/fr/vehicle_listings/annonce-renault-megane-dakar-dakar-886"",""Renault Megane"",""2006"",""CFA 1 600 000"",""180 000 km"",""Manuelle"",""Dakar"""
"1786366452-134,""https://www.gaaraas.com/fr/users/dakar-auto?page=6"",""https://www.gaaraas.com/fr/vehicle_listings/annonce-nissan-altima-dakar-dakar-4139"",""Nissan Altima"",""2014"",""CFA 2 500 000"",""110 000 km"",""Automatique"",""Dakar"""
"1786366459-135,""https://www.gaaraas.com/fr/users/dakar-auto?page=6"",""https://www.gaaraas.com/fr/vehicle_listings/annonce-peugeot-307-dakar-dakar-1764"",""Peugeot 307"",""2007"",""CFA 2 000 000"",""160 000 km"",""Manuelle"",""Dakar"""
"1786366468-136,""https://www.gaaraas.com/fr/users/dakar-auto?page=6"",""https://www.gaaraas.com/fr/vehicle_listings/annonce-nissan-murano-dakar-dakar-855"",""Nissan Murano"",""2008"",""CFA 3 200 000"",""115 305 km"",""Automatique"",""Dakar"""
"1786366475-137,""https://www.gaaraas.com/fr/users/dakar-auto?page=6"",""https://www.gaaraas.com/fr/vehicle_listings/annonce-toyota-aygo-dakar-dakar-1778"",""Toyota Aygo"",""2009"",""CFA 2 700 000"",""150 000 km"",""Manuelle"",""Dakar"""
"1786366483-138,""https://www.gaaraas.com/fr/users/dakar-auto?page=6"",""https://www.gaaraas.com/fr/vehicle_listings/annonce-peugeot-307-dakar-dakar-3585"",""Peugeot 307"",""2007"",""CFA 2 100 000"",""140 000 km"",""Manuelle"",""Dakar"""
"1786366492-139,""https://www.gaaraas.com/fr/users/dakar-auto?page=6"",""https://www.gaaraas.com/fr/vehicle_listings/annonce-volkswagen-passat-dakar-dakar-270"",""Volkswagen Passat"",""2007"",""CFA 1 600 000"",""120 000 km"",""Manuelle"",""Dakar"""
"1786366499-140,""https://www.gaaraas.com/fr/users/dakar-auto?page=6"",""https://www.gaaraas.com/fr/vehicle_listings/annonce-peugeot-307-dakar-dakar-3546"",""Peugeot 307"",""2007"",""CFA 2 100 000"",""132 000 km"",""Manuelle"",""Dakar"""
"1786366508-141,""https://www.gaaraas.com/fr/users/dakar-auto?page=6"",""https://www.gaaraas.com/fr/vehicle_listings/annonce-renault-21-dakar-dakar-2157"",""Renault 21"",""2002"",""CFA 2 700 000"",""160 000 km"",""Manuelle"",""Dakar"""
"1786366516-142,""https://www.gaaraas.com/fr/users/dakar-auto?page=6"",""https://www.gaaraas.com/fr/vehicle_listings/annonce-peugeot-207-dakar-dakar-908"",""Peugeot 207"",""2008"",""CFA 1 800 000"",""120 000 km"",""Manuelle"",""Dakar"""
"1786366524-143,""https://www.gaaraas.com/fr/users/dakar-auto?page=6"",""https://www.gaaraas.com/fr/vehicle_listings/annonce-bmw-x1-dakar-dakar-280"",""BMW X1"",""2010"",""CFA 3 700 000"",""150 000 km"",""Automatique"",""Dakar"""
"1786366533-144,""https://www.gaaraas.com/fr/users/dakar-auto?page=6"",""https://www.gaaraas.com/fr/vehicle_listings/annonce-toyota-corolla-dakar-dakar-880"",""Toyota Corolla"",""2008"",""CFA 3 300 000"",""140 000 km"",""Manuelle"",""Dakar"""
"1786366541-145,""https://www.gaaraas.com/fr/users/dakar-auto?page=6"",""https://www.gaaraas.com/fr/vehicle_listings/annonce-peugeot-308-dakar-dakar-1147"",""Peugeot 308"",""2008"",""CFA 3 300 000"",""120 000 km"",""Manuelle"",""Dakar"""
"1786366561-146,""https://www.gaaraas.com/fr/users/dakar-auto?page=5"",""https://www.gaaraas.com/fr/vehicle_listings/annonce-peugeot-307-dakar-dakar-2086"",""Peugeot 307"",""2007"",""CFA 2 400 000"",""160 000 km"",""Manuelle"",""Dakar"""
"1786366568-147,""https://www.gaaraas.com/fr/users/dakar-auto?page=5"",""https://www.gaaraas.com/fr/vehicle_listings/annonce-mitsubishi-l200-dakar-dakar-876"",""Mitsubishi L200"",""2009"",""CFA 7 800 000"",""160 000 km"",""Manuelle"",""Dakar"""
"1786366574-148,""https://www.gaaraas.com/fr/users/dakar-auto?page=5"",""https://www.gaaraas.com/fr/vehicle_listings/annonce-citroen-c3-dakar-dakar-1799"",""Citroen C3"",""2008"",""CFA 1 800 000"",""160 000 km"",""Manuelle"",""Dakar"""
"1786366581-149,""https://www.gaaraas.com/fr/users/dakar-auto?page=5"",""https://www.gaaraas.com/fr/vehicle_listings/annonce-mitsubishi-asx-dakar-dakar-1150"",""Mitsubishi ASX"",""2011"",""CFA 6 000 000"",""94 954 km"",""Manuelle"",""Dakar"""
"1786366587-150,""https://www.gaaraas.com/fr/users/dakar-auto?page=5"",""https://www.gaaraas.com/fr/vehicle_listings/annonce-peugeot-206-dakar-dakar-762"",""Peugeot 206"",""2008"",""CFA 2 300 000"",""164 000 km"",""Manuelle"",""Dakar"""
"1786366594-151,""https://www.gaaraas.com/fr/users/dakar-auto?page=5"",""https://www.gaaraas.com/fr/vehicle_listings/annonce-jeep-patriot-dakar-dakar-2808"",""Jeep Patriot"",""2010"",""CFA 3 900 000"",""140 000 km"",""Manuelle"",""Dakar"""
"1786366600-152,""https://www.gaaraas.com/fr/users/dakar-auto?page=5"",""https://www.gaaraas.com/fr/vehicle_listings/annonce-bmw-315-dakar-dakar-4141"",""BMW 315"",""2007"",""CFA 1 500 000"",""120 000 km"",""Manuelle"",""Dakar"""
"1786366609-153,""https://www.gaaraas.com/fr/users/dakar-auto?page=5"",""https://www.gaaraas.com/fr/vehicle_listings/annonce-peugeot-307-dakar-dakar-4364"",""Peugeot 307"",""2007"",""CFA 2 500 000"",""120 000 km"",""Automatique"",""Dakar"""
"1786366618-154,""https://www.gaaraas.com/fr/users/dakar-auto?page=5"",""https://www.gaaraas.com/fr/vehicle_listings/annonce-toyota-rav4-dakar-dakar-4163"",""Toyota RAV4"",""2008"",""CFA 2 900 000"",""130 000 km"",""Manuelle"",""Dakar"""
"1786366626-155,""https://www.gaaraas.com/fr/users/dakar-auto?page=5"",""https://www.gaaraas.com/fr/vehicle_listings/annonce-renault-19-dakar-dakar-1890"",""Renault 19"",""2000"",""CFA 1 800 000"",""180 000 km"",""Manuelle"",""Dakar"""
"1786366636-156,""https://www.gaaraas.com/fr/users/dakar-auto?page=5"",""https://www.gaaraas.com/fr/vehicle_listings/annonce-renault-logan-dakar-dakar-2773"",""Renault Logan"",""2007"",""CFA 2 900 000"",""160 000 km"",""Manuelle"",""Dakar"""
"1786366647-157,""https://www.gaaraas.com/fr/users/dakar-auto?page=5"",""https://www.gaaraas.com/fr/vehicle_listings/annonce-citroen-c3-dakar-dakar-4136"",""Citroen C3"",""2008"",""CFA 2 100 000"",""110 000 km"",""Manuelle"",""Dakar"""
"1786366656-158,""https://www.gaaraas.com/fr/users/dakar-auto?page=5"",""https://www.gaaraas.com/fr/vehicle_listings/annonce-peugeot-308-dakar-dakar-4198"",""Peugeot 308"",""2007"",""CFA 2 800 000"",""230 000 km"",""Manuelle"",""Dakar"""
"1786366666-159,""https://www.gaaraas.com/fr/users/dakar-auto?page=5"",""https://www.gaaraas.com/fr/vehicle_listings/annonce-peugeot-405-dakar-dakar-2514"",""Peugeot 405"",""2002"",""CFA 2 200 000"",""160 000 km"",""Manuelle"",""Dakar"""
"1786366674-160,""https://www.gaaraas.com/fr/users/dakar-auto?page=5"",""https://www.gaaraas.com/fr/vehicle_listings/annonce-honda-civic-dakar-dakar-806"",""Honda Civic"",""2007"",""CFA 2 300 000"",""180 000 km"",""Automatique"",""Dakar"""
"1786366686-161,""https://www.gaaraas.com/fr/users/dakar-auto?page=5"",""https://www.gaaraas.com/fr/vehicle_listings/annonce-peugeot-307-dakar-dakar-2371"",""Peugeot 307"",""2008"",""CFA 2 600 000"",""250 000 km"",""Manuelle"",""Dakar"""
"1786366692-162,""https://www.gaaraas.com/fr/users/dakar-auto?page=5"",""https://www.gaaraas.com/fr/vehicle_listings/annonce-mitsubishi-l200-dakar-dakar-1998"",""Mitsubishi L200"",""2008"",""CFA 7 200 000"",""160 000 km"",""Manuelle"",""Dakar"""
"1786366699-163,""https://www.gaaraas.com/fr/users/dakar-auto?page=5"",""https://www.gaaraas.com/fr/vehicle_listings/annonce-peugeot-307-dakar-dakar-1575"",""Peugeot 307"",""2008"",""CFA 2 800 000"",""160 000 km"",""Manuelle"",""Dakar"""
"1786366709-164,""https://www.gaaraas.com/fr/users/dakar-auto?page=5"",""https://www.gaaraas.com/fr/vehicle_listings/annonce-honda-elysion-dakar-dakar-1905"",""Honda Elysion"",""2011"",""CFA 3 500 000"",""160 000 km"",""Automatique"",""Dakar"""
"1786366714-165,""https://www.gaaraas.com/fr/users/dakar-auto?page=5"",""https://www.gaaraas.com/fr/vehicle_listings/annonce-renault-laguna-dakar-dakar-1895"",""Renault Laguna"",""2007"",""CFA 2 300 000"",""84 000 km"",""Manuelle"",""Dakar"""
"1786366724-166,""https://www.gaaraas.com/fr/users/dakar-auto?page=4"",""https://www.gaaraas.com/fr/vehicle_listings/annonce-peugeot-307-dakar-dakar-583"",""Peugeot 307"",""2008"",""CFA 2 500 000"",""128 000 km"",""Manuelle"",""Dakar"""
"1786366729-167,""https://www.gaaraas.com/fr/users/dakar-auto?page=4"",""https://www.gaaraas.com/fr/vehicle_listings/annonce-opel-astra-dakar-dakar-1153"",""Opel Astra"",""2003"",""CFA 2 500 000"",""160 000 km"",""Manuelle"",""Dakar"""
"1786366735-168,""https://www.gaaraas.com/fr/users/dakar-auto?page=4"",""https://www.gaaraas.com/fr/vehicle_listings/annonce-nissan-murano-dakar-dakar-4351"",""Nissan Murano"",""2011"",""CFA 2 300 000"",""188 000 km"",""Automatique"",""Dakar"""
"1786366741-169,""https://www.gaaraas.com/fr/users/dakar-auto?page=4"",""https://www.gaaraas.com/fr/vehicle_listings/annonce-toyota-land-cruiser-prado-dakar-dakar-4202"",""Toyota Land Cruiser Prado"",""2005"",""CFA 3 800 000"",""130 000 km"",""Manuelle"",""Dakar"""
"1786366754-170,""https://www.gaaraas.com/fr/users/dakar-auto?page=4"",""https://www.gaaraas.com/fr/vehicle_listings/annonce-peugeot-308-dakar-dakar-895"",""Peugeot 308"",""2012"",""CFA 3 800 000"",""103 000 km"",""Manuelle"",""Dakar"""
"1786366759-171,""https://www.gaaraas.com/fr/users/dakar-auto?page=4"",""https://www.gaaraas.com/fr/vehicle_listings/annonce-volkswagen-passat-dakar-dakar-406"",""Volkswagen Passat"",""2007"",""CFA 2 000 000"",""90 000 km"",""Automatique"",""Dakar"""
"1786366765-172,""https://www.gaaraas.com/fr/users/dakar-auto?page=4"",""https://www.gaaraas.com/fr/vehicle_listings/annonce-renault-scenic-dakar-dakar-2610"",""Renault Scenic"",""2005"",""CFA 2 200 000"",""140 000 km"",""Manuelle"",""Dakar"""
"1786366770-173,""https://www.gaaraas.com/fr/users/dakar-auto?page=4"",""https://www.gaaraas.com/fr/vehicle_listings/annonce-hyundai-tucson-dakar-dakar-3571"",""Hyundai Tucson"",""2009"",""CFA 4 000 000"",""140 000 km"",""Manuelle"",""Dakar"""
"1786366775-174,""https://www.gaaraas.com/fr/users/dakar-auto?page=4"",""https://www.gaaraas.com/fr/vehicle_listings/annonce-mercedes-benz-190-dakar-dakar-3645"",""Mercedes‒Benz 190"",""2004"",""CFA 2 200 000"",""140 000 km"",""Manuelle"",""Dakar"""
"1786366780-175,""https://www.gaaraas.com/fr/users/dakar-auto?page=4"",""https://www.gaaraas.com/fr/vehicle_listings/annonce-ford-focus-dakar-dakar-3057"",""Ford Focus"",""2006"",""CFA 2 150 000"",""160 000 km"",""Manuelle"",""Dakar"""
"1786366786-176,""https://www.gaaraas.com/fr/users/dakar-auto?page=4"",""https://www.gaaraas.com/fr/vehicle_listings/annonce-citroen-c5-dakar-dakar-4380"",""Citroen C5"",""2005"",""CFA 2 100 000"",""334 000 km"",""Manuelle"",""Dakar"""
"1786366790-177,""https://www.gaaraas.com/fr/users/dakar-auto?page=4"",""https://www.gaaraas.com/fr/vehicle_listings/annonce-peugeot-307-dakar-dakar-3463"",""Peugeot 307"",""2008"",""CFA 3 200 000"",""140 000 km"",""Manuelle"",""Dakar"""
"1786366795-178,""https://www.gaaraas.com/fr/users/dakar-auto?page=4"",""https://www.gaaraas.com/fr/vehicle_listings/annonce-volkswagen-golf-dakar-dakar-2193"",""Volkswagen Golf"",""2000"",""CFA 1 500 000"",""160 000 km"",""Manuelle"",""Dakar"""
"1786366801-179,""https://www.gaaraas.com/fr/users/dakar-auto?page=4"",""https://www.gaaraas.com/fr/vehicle_listings/annonce-peugeot-308-dakar-dakar-3068"",""Peugeot 308"",""2009"",""CFA 3 600 000"",""140 000 km"",""Manuelle"",""Dakar"""
"1786366809-180,""https://www.gaaraas.com/fr/users/dakar-auto?page=4"",""https://www.gaaraas.com/fr/vehicle_listings/annonce-peugeot-406-dakar-dakar-1152"",""Peugeot 406"",""2003"",""CFA 2 600 000"",""160 000 km"",""Manuelle"",""Dakar"""
"1786366814-181,""https://www.gaaraas.com/fr/users/dakar-auto?page=4"",""https://www.gaaraas.com/fr/vehicle_listings/annonce-citroen-c3-dakar-dakar-304"",""Citroen C3"",""N/A"",""CFA 1 800 000"",""220 000 km"",""Manuelle"",""Dakar"""
"1786366819-182,""https://www.gaaraas.com/fr/users/dakar-auto?page=4"",""https://www.gaaraas.com/fr/vehicle_listings/annonce-renault-19-dakar-dakar-1861"",""Renault 19"",""1989"",""CFA 2 300 000"",""180 000 km"",""Manuelle"",""Dakar"""
"1786366824-183,""https://www.gaaraas.com/fr/users/dakar-auto?page=4"",""https://www.gaaraas.com/fr/vehicle_listings/annonce-peugeot-406-dakar-dakar-3223"",""Peugeot 406"",""2002"",""CFA 2 200 000"",""140 000 km"",""Manuelle"",""Dakar"""
"1786366829-184,""https://www.gaaraas.com/fr/users/dakar-auto?page=4"",""https://www.gaaraas.com/fr/vehicle_listings/annonce-renault-megane-dakar-dakar-1132"",""Renault Megane"",""2008"",""CFA 1 600 000"",""160 000 km"",""Manuelle"",""Dakar"""
"1786366835-185,""https://www.gaaraas.com/fr/users/dakar-auto?page=4"",""https://www.gaaraas.com/fr/vehicle_listings/annonce-dacia-logan-dakar-dakar-848"",""Dacia Logan"",""2010"",""CFA 2 000 000"",""161 000 km"",""Manuelle"",""Dakar"""
"1786366846-186,""https://www.gaaraas.com/fr/users/dakar-auto?page=3"",""https://www.gaaraas.com/fr/vehicle_listings/annonce-peugeot-307-dakar-dakar-1341"",""Peugeot 307"",""2007"",""CFA 2 400 000"",""160 000 km"",""Manuelle"",""Dakar"""
"1786366851-187,""https://www.gaaraas.com/fr/users/dakar-auto?page=3"",""https://www.gaaraas.com/fr/vehicle_listings/annonce-ford-focus-dakar-dakar-3026"",""Ford Focus"",""2014"",""CFA 4 500 000"",""115 000 km"",""Automatique"",""Dakar"""
"1786366856-188,""https://www.gaaraas.com/fr/users/dakar-auto?page=3"",""https://www.gaaraas.com/fr/vehicle_listings/annonce-kia-sorento-dakar-dakar-2807"",""Kia Sorento"",""2009"",""CFA 3 800 000"",""140 000 km"",""Manuelle"",""Dakar"""
"1786366860-189,""https://www.gaaraas.com/fr/users/dakar-auto?page=3"",""https://www.gaaraas.com/fr/vehicle_listings/annonce-peugeot-407-dakar-dakar-569"",""Peugeot 407"",""2007"",""CFA 2 800 000"",""120 000 km"",""Manuelle"",""Dakar"""
"1786366866-190,""https://www.gaaraas.com/fr/users/dakar-auto?page=3"",""https://www.gaaraas.com/fr/vehicle_listings/annonce-peugeot-207-dakar-dakar-1989"",""Peugeot 207"",""2012"",""CFA 3 800 000"",""142 000 km"",""Automatique"",""Dakar"""
"1786366873-191,""https://www.gaaraas.com/fr/users/dakar-auto?page=3"",""https://www.gaaraas.com/fr/vehicle_listings/annonce-hyundai-tucson-dakar-dakar-4140"",""Hyundai Tucson"",""2008"",""CFA 2 600 000"",""110 000 km"",""Manuelle"",""Dakar"""
"1786366878-192,""https://www.gaaraas.com/fr/users/dakar-auto?page=3"",""https://www.gaaraas.com/fr/vehicle_listings/annonce-citroen-berlingo-dakar-dakar-2430"",""Citroen Berlingo"",""2008"",""CFA 3 300 000"",""214 000 km"",""Manuelle"",""Dakar"""
"1786366884-193,""https://www.gaaraas.com/fr/users/dakar-auto?page=3"",""https://www.gaaraas.com/fr/vehicle_listings/annonce-volkswagen-golf-dakar-dakar-740"",""Volkswagen Golf"",""2003"",""CFA 2 500 000"",""160 000 km"",""Manuelle"",""Dakar"""
"1786366889-194,""https://www.gaaraas.com/fr/users/dakar-auto?page=3"",""https://www.gaaraas.com/fr/vehicle_listings/annonce-citroen-c4-dakar-dakar-2214"",""Citroen C4"",""2008"",""CFA 2 100 000"",""160 000 km"",""Manuelle"",""Dakar"""
"1786366894-195,""https://www.gaaraas.com/fr/users/dakar-auto?page=3"",""https://www.gaaraas.com/fr/vehicle_listings/annonce-hyundai-tucson-dakar-dakar-2806"",""Hyundai Tucson"",""2008"",""CFA 3 400 000"",""140 000 km"",""Manuelle"",""Dakar"""
"1786366899-196,""https://www.gaaraas.com/fr/users/dakar-auto?page=3"",""https://www.gaaraas.com/fr/vehicle_listings/annonce-kia-soul-dakar-dakar-2469"",""Kia Soul"",""2010"",""CFA 3 500 000"",""172 900 km"",""Manuelle"",""Dakar"""
"1786366905-197,""https://www.gaaraas.com/fr/users/dakar-auto?page=3"",""https://www.gaaraas.com/fr/vehicle_listings/annonce-mitsubishi-spacestar-dakar-dakar-2614"",""Mitsubishi Spacestar"",""2008"",""CFA 2 000 000"",""160 000 km"",""Manuelle"",""Dakar"""
"1786366910-198,""https://www.gaaraas.com/fr/users/dakar-auto?page=3"",""https://www.gaaraas.com/fr/vehicle_listings/annonce-dacia-logan-dakar-dakar-2296"",""Dacia Logan"",""2009"",""CFA 2 200 000"",""160 000 km"",""Manuelle"",""Dakar"""
"1786366917-199,""https://www.gaaraas.com/fr/users/dakar-auto?page=3"",""https://www.gaaraas.com/fr/vehicle_listings/annonce-peugeot-605-dakar-dakar-2622"",""Peugeot 605"",""2004"",""CFA 2 200 000"",""160 000 km"",""Manuelle"",""Dakar"""
"1786366922-200,""https://www.gaaraas.com/fr/users/dakar-auto?page=3"",""https://www.gaaraas.com/fr/vehicle_listings/annonce-nissan-qashqai-dakar-dakar-3432"",""Nissan Qashqai"",""2014"",""CFA 7 800 000"",""63 000 km"",""Automatique"",""Dakar"""
"1786366927-201,""https://www.gaaraas.com/fr/users/dakar-auto?page=3"",""https://www.gaaraas.com/fr/vehicle_listings/annonce-hyundai-elantra-dakar-dakar-1235"",""Hyundai Elantra"",""2013"",""CFA 6 500 000"",""66 000 km"",""Automatique"",""Dakar"""
"1786366933-202,""https://www.gaaraas.com/fr/users/dakar-auto?page=3"",""https://www.gaaraas.com/fr/vehicle_listings/annonce-volkswagen-passat-dakar-dakar-820"",""Volkswagen Passat"",""2006"",""CFA 2 500 000"",""164 686 km"",""Manuelle"",""Dakar"""
"1786366939-203,""https://www.gaaraas.com/fr/users/dakar-auto?page=3"",""https://www.gaaraas.com/fr/vehicle_listings/annonce-volkswagen-passat-dakar-dakar-3470"",""Volkswagen Passat"",""2007"",""CFA 2 900 000"",""265 000 km"",""Manuelle"",""Dakar"""
"1786366947-204,""https://www.gaaraas.com/fr/users/dakar-auto?page=3"",""https://www.gaaraas.com/fr/vehicle_listings/annonce-nissan-altima-dakar-dakar-3589"",""Nissan Altima"",""2012"",""CFA 3 000 000"",""130 000 km"",""Automatique"",""Dakar"""
"1786366955-205,""https://www.gaaraas.com/fr/users/dakar-auto?page=3"",""https://www.gaaraas.com/fr/vehicle_listings/annonce-skoda-fabia-dakar-dakar-611"",""Skoda Fabia"",""2007"",""CFA 1 800 000"",""220 000 km"",""Manuelle"",""Dakar"""
"1786366967-206,""https://www.gaaraas.com/fr/users/dakar-auto?page=2"",""https://www.gaaraas.com/fr/vehicle_listings/annonce-toyota-camry-dakar-dakar-463"",""Toyota Camry"",""2011"",""CFA 3 800 000"",""0 km"",""Automatique"",""Dakar"""
"1786366973-207,""https://www.gaaraas.com/fr/users/dakar-auto?page=2"",""https://www.gaaraas.com/fr/vehicle_listings/annonce-ssangyong-kyron-dakar-dakar-1184"",""SsangYong Kyron"",""2007"",""CFA 2 000 000"",""120 000 km"",""Automatique"",""Dakar"""
"1786366980-208,""https://www.gaaraas.com/fr/users/dakar-auto?page=2"",""https://www.gaaraas.com/fr/vehicle_listings/annonce-peugeot-807-dakar-dakar-1879"",""Peugeot 807"",""2007"",""CFA 2 800 000"",""160 000 km"",""Manuelle"",""Dakar"""
"1786366985-209,""https://www.gaaraas.com/fr/users/dakar-auto?page=2"",""https://www.gaaraas.com/fr/vehicle_listings/annonce-peugeot-307-dakar-dakar-2047"",""Peugeot 307"",""2007"",""CFA 2 200 000"",""160 000 km"",""Manuelle"",""Dakar"""
"1786366991-210,""https://www.gaaraas.com/fr/users/dakar-auto?page=2"",""https://www.gaaraas.com/fr/vehicle_listings/annonce-hyundai-sonata-dakar-dakar-2221"",""Hyundai Sonata"",""2011"",""CFA 3 500 000"",""66 000 km"",""Automatique"",""Dakar"""
"1786366996-211,""https://www.gaaraas.com/fr/users/dakar-auto?page=2"",""https://www.gaaraas.com/fr/vehicle_listings/annonce-peugeot-307-dakar-dakar-154"",""Peugeot 307"",""2007"",""CFA 2 300 000"",""210 000 km"",""Manuelle"",""Dakar"""
"1786367001-212,""https://www.gaaraas.com/fr/users/dakar-auto?page=2"",""https://www.gaaraas.com/fr/vehicle_listings/annonce-ford-escape-dakar-dakar-3738"",""Ford Escape"",""2011"",""CFA 4 000 000"",""109 400 km"",""Manuelle"",""Dakar"""
"1786367007-213,""https://www.gaaraas.com/fr/users/dakar-auto?page=2"",""https://www.gaaraas.com/fr/vehicle_listings/annonce-peugeot-307-dakar-dakar-2632"",""Peugeot 307"",""2008"",""CFA 1 900 000"",""160 000 km"",""Manuelle"",""Dakar"""
"1786367014-214,""https://www.gaaraas.com/fr/users/dakar-auto?page=2"",""https://www.gaaraas.com/fr/vehicle_listings/annonce-ford-escort-dakar-dakar-644"",""Ford Escort"",""2007"",""CFA 2 700 000"",""174 000 km"",""Manuelle"",""Dakar"""
"1786367021-215,""https://www.gaaraas.com/fr/users/dakar-auto?page=2"",""https://www.gaaraas.com/fr/vehicle_listings/annonce-renault-scenic-dakar-dakar-2451"",""Renault Scenic"",""2009"",""CFA 1 300 000"",""160 000 km"",""Manuelle"",""Dakar"""
"1786367027-216,""https://www.gaaraas.com/fr/users/dakar-auto?page=2"",""https://www.gaaraas.com/fr/vehicle_listings/annonce-toyota-prado-dakar-dakar-2902"",""Toyota Prado"",""2000"",""CFA 4 000 000"",""140 000 km"",""Manuelle"",""Dakar"""
"1786367033-217,""https://www.gaaraas.com/fr/users/dakar-auto?page=2"",""https://www.gaaraas.com/fr/vehicle_listings/annonce-mitsubishi-l200-dakar-dakar-291"",""Mitsubishi L200"",""2012"",""CFA 11 900 000"",""116 000 km"",""Manuelle"",""Dakar"""
"1786367040-218,""https://www.gaaraas.com/fr/users/dakar-auto?page=2"",""https://www.gaaraas.com/fr/vehicle_listings/annonce-hyundai-tucson-dakar-dakar-739"",""Hyundai Tucson"",""2006"",""CFA 3 000 000"",""164 231 km"",""Manuelle"",""Dakar"""
"1786367049-219,""https://www.gaaraas.com/fr/users/dakar-auto?page=2"",""https://www.gaaraas.com/fr/vehicle_listings/annonce-peugeot-307-dakar-dakar-2633"",""Peugeot 307"",""2007"",""CFA 2 500 000"",""160 000 km"",""Manuelle"",""Dakar"""
"1786367055-220,""https://www.gaaraas.com/fr/users/dakar-auto?page=2"",""https://www.gaaraas.com/fr/vehicle_listings/annonce-peugeot-309-dakar-dakar-4162"",""Peugeot 309"",""2000"",""CFA 2 800 000"",""130 000 km"",""Manuelle"",""Dakar"""
"1786367062-221,""https://www.gaaraas.com/fr/users/dakar-auto?page=2"",""https://www.gaaraas.com/fr/vehicle_listings/annonce-mitsubishi-l200-dakar-dakar-2431"",""Mitsubishi L200"",""2006"",""CFA 7 500 000"",""160 000 km"",""Manuelle"",""Dakar"""
"1786367072-222,""https://www.gaaraas.com/fr/users/dakar-auto?page=2"",""https://www.gaaraas.com/fr/vehicle_listings/annonce-skoda-octavia-dakar-dakar-2498"",""Skoda Octavia"",""2012"",""CFA 4 000 000"",""70 000 km"",""Manuelle"",""Dakar"""
"1786367085-223,""https://www.gaaraas.com/fr/users/dakar-auto?page=2"",""https://www.gaaraas.com/fr/vehicle_listings/annonce-ford-edge-dakar-dakar-1102"",""Ford Edge"",""2011"",""CFA 9 800 000"",""80 000 km"",""Automatique"",""Dakar"""
"1786367094-224,""https://www.gaaraas.com/fr/users/dakar-auto?page=2"",""https://www.gaaraas.com/fr/vehicle_listings/annonce-peugeot-307-dakar-dakar-3584"",""Peugeot 307"",""2004"",""CFA 2 700 000"",""140 000 km"",""Manuelle"",""Dakar"""
"1786367100-225,""https://www.gaaraas.com/fr/users/dakar-auto?page=2"",""https://www.gaaraas.com/fr/vehicle_listings/annonce-rover-600-dakar-dakar-677"",""Rover 600"",""2002"",""CFA 1 800 000"",""128 000 km"",""Manuelle"",""Dakar"""
"1786367112-226,""https://www.gaaraas.com/fr/users/dakar-auto?page=1"",""https://www.gaaraas.com/fr/vehicle_listings/annonce-peugeot-406-dakar-dakar-1343"",""Peugeot 406"",""2004"",""CFA 2 000 000"",""18 000 km"",""Manuelle"",""Dakar"""
"1786367119-227,""https://www.gaaraas.com/fr/users/dakar-auto?page=1"",""https://www.gaaraas.com/fr/vehicle_listings/annonce-toyota-auris-dakar-dakar-3321"",""Toyota Auris"",""2005"",""CFA 3 500 000"",""179 315 km"",""Manuelle"",""Dakar"""
"1786367129-228,""https://www.gaaraas.com/fr/users/dakar-auto?page=1"",""https://www.gaaraas.com/fr/vehicle_listings/annonce-chevrolet-camaro-dakar-dakar-325"",""Chevrolet Camaro"",""2012"",""CFA 4 000 000"",""220 000 km"",""Manuelle"",""Dakar"""
"1786367135-229,""https://www.gaaraas.com/fr/users/dakar-auto?page=1"",""https://www.gaaraas.com/fr/vehicle_listings/annonce-daewoo-matiz-dakar-dakar-672"",""Daewoo Matiz"",""2009"",""CFA 3 000 000"",""120 000 km"",""Manuelle"",""Dakar"""
"1786367143-230,""https://www.gaaraas.com/fr/users/dakar-auto?page=1"",""https://www.gaaraas.com/fr/vehicle_listings/annonce-peugeot-308-dakar-dakar-1777"",""Peugeot 308"",""2009"",""CFA 2 300 000"",""311 368 km"",""Manuelle"",""Dakar"""
"1786367152-231,""https://www.gaaraas.com/fr/users/dakar-auto?page=1"",""https://www.gaaraas.com/fr/vehicle_listings/annonce-ford-taurus-dakar-dakar-3404"",""Ford Taurus"",""2006"",""CFA 3 800 000"",""200 000 km"",""Manuelle"",""Dakar"""
"1786367159-232,""https://www.gaaraas.com/fr/users/dakar-auto?page=1"",""https://www.gaaraas.com/fr/vehicle_listings/annonce-renault-clio-dakar-dakar-418"",""Renault Clio"",""2004"",""CFA 1 900 000"",""120 000 km"",""Manuelle"",""Dakar"""
"1786367165-233,""https://www.gaaraas.com/fr/users/dakar-auto?page=1"",""https://www.gaaraas.com/fr/vehicle_listings/annonce-ford-escape-dakar-dakar-704"",""Ford Escape"",""2010"",""CFA 6 000 000"",""180 000 km"",""Automatique"",""Dakar"""
"1786367173-234,""https://www.gaaraas.com/fr/users/dakar-auto?page=1"",""https://www.gaaraas.com/fr/vehicle_listings/annonce-mazda-6-dakar-dakar-3224"",""Mazda 6"",""2010"",""CFA 4 000 000"",""182 000 km"",""Automatique"",""Dakar"""
"1786367182-235,""https://www.gaaraas.com/fr/users/dakar-auto?page=1"",""https://www.gaaraas.com/fr/vehicle_listings/annonce-renault-megane-dakar-dakar-1779"",""Renault Megane"",""2005"",""CFA 2 000 000"",""160 000 km"",""Manuelle"",""Dakar"""
"1786367190-236,""https://www.gaaraas.com/fr/users/dakar-auto?page=1"",""https://www.gaaraas.com/fr/vehicle_listings/annonce-renault-megane-dakar-dakar-1107"",""Renault Megane"",""2006"",""CFA 1 700 000"",""180 000 km"",""Manuelle"",""Dakar"""
"1786367196-237,""https://www.gaaraas.com/fr/users/dakar-auto?page=1"",""https://www.gaaraas.com/fr/vehicle_listings/annonce-citroen-c3-dakar-dakar-610"",""Citroen C3"",""2008"",""CFA 2 300 000"",""128 000 km"",""Manuelle"",""Dakar"""
"1786367203-238,""https://www.gaaraas.com/fr/users/dakar-auto?page=1"",""https://www.gaaraas.com/fr/vehicle_listings/annonce-peugeot-308-dakar-dakar-2219"",""Peugeot 308"",""2009"",""CFA 3 300 000"",""256 730 km"",""Manuelle"",""Dakar"""
"1786367210-239,""https://www.gaaraas.com/fr/users/dakar-auto?page=1"",""https://www.gaaraas.com/fr/vehicle_listings/annonce-peugeot-307-dakar-dakar-2612"",""Peugeot 307"",""2007"",""CFA 2 200 000"",""160 000 km"",""Manuelle"",""Dakar"""
"1786367216-240,""https://www.gaaraas.com/fr/users/dakar-auto?page=1"",""https://www.gaaraas.com/fr/vehicle_listings/annonce-peugeot-307-dakar-dakar-862"",""Peugeot 307"",""2007"",""CFA 2 000 000"",""160 000 km"",""Manuelle"",""Dakar"""
"1786367224-241,""https://www.gaaraas.com/fr/users/dakar-auto?page=1"",""https://www.gaaraas.com/fr/vehicle_listings/annonce-toyota-camry-dakar-dakar-3067"",""Toyota Camry"",""2009"",""CFA 3 500 000"",""145 000 km"",""Automatique"",""Dakar"""
"1786367233-242,""https://www.gaaraas.com/fr/users/dakar-auto?page=1"",""https://www.gaaraas.com/fr/vehicle_listings/annonce-land-rover-range-rover-sport-dakar-dakar-4197"",""Land Rover Range Rover Sport"",""2008"",""CFA 6 000 000"",""130 000 km"",""Automatique"",""Dakar"""
"1786367241-243,""https://www.gaaraas.com/fr/users/dakar-auto?page=1"",""https://www.gaaraas.com/fr/vehicle_listings/annonce-peugeot-307-dakar-dakar-1326"",""Peugeot 307"",""2007"",""CFA 2 300 000"",""160 000 km"",""Manuelle"",""Dakar"""
"1786367247-244,""https://www.gaaraas.com/fr/users/dakar-auto?page=1"",""https://www.gaaraas.com/fr/vehicle_listings/annonce-hyundai-getz-dakar-dakar-4133"",""Hyundai Getz"",""2008"",""CFA 1 800 000"",""98 000 km"",""Manuelle"",""Dakar"""
"1786367256-245,""https://www.gaaraas.com/fr/users/dakar-auto?page=1"",""https://www.gaaraas.com/fr/vehicle_listings/annonce-citroen-c4-dakar-dakar-2583"",""Citroen C4"",""2006"",""CFA 2 200 000"",""160 000 km"",""Manuelle"",""Dakar"""
